media_id,media_type,media_location
dvzfjqhqba,Reel,s3://33d91a64bb58451b9ff0362f348c57db
zuxganrmpi,Reel,s3://64fde76ad1b14637929ab83f9a98113b
yavaehmxiy,Video,s3://e8a6cb63918e469c895f897f7f4d7bbf
zrvtxaxofq,Video,s3://4230a959f1884fa58a9e5d7464d1390d
cluvkqkeqe,Reel,s3://d7bfdbf3444b40528df8e3bf700cfc68
ppznuxzmgb,Video,s3://519a8a33d2c344c0842ff6ee8596b99f
gzcbykxpoc,Video,s3://4e905668e97f4b7790503153f230302e
bqnazajlzj,Photo,s3://4e0699d25adf4dc69d7fba2f8f5b8288
roscycxehv,Reel,s3://8fc70fd8bf834950856c12bddb7262d7
obpzwitdcs,Video,s3://9f20b04becaf4c24860af5d8b2770d6b
xoiyoghyzp,Reel,s3://5b3b767fa54a482190ae7a2293c1ebb1
zlsxlyuwec,Photo,s3://65c22fca39f442f6a9a8f7b6046efe71
uxxpeamjzf,Reel,s3://ca2527036e974728abae6410501d0e11
ygaudptaae,Photo,s3://b678577fff5341d08953947410346013
cqeqfnfawp,Reel,s3://652a1289b0be4ca884e1dc155365a15e
nktuxnxzbb,Photo,s3://c44d2a513eba4691b0fd73ebbc378c7d
csupqkonso,Video,s3://59eb7a03da1046f5bd6c607f8f18e155
iifpjhinzv,Reel,s3://2ddc04108ec348e3aa200a96a4bcb863
wdxcxvyvlc,Video,s3://b5223f1e580645029822ad9b956fc3f1
cidkxpgakq,Photo,s3://eda8e94e4e2f47b1a3041c6e26413f78
vhlbmxrivf,Photo,s3://7a6ade27f5dc4534883a3c6aae33ab97
zunyhjmqyu,Photo,s3://2113db67799f41a286c38406a4c9ebec
laxfjljelc,Photo,s3://191346cbefe3415bb7f95bebe2096f2b
imtpeijfgc,Reel,s3://d9b6cb1db3a34533a7d5920d55aaefc5
uyqyktorez,Photo,s3://171660f0f6cf419aaa94af51ac68b0ad
nioagskarj,Photo,s3://6408605447834b34b93697351bbba01d
pjhphpqdcl,Reel,s3://6cbd809b8536409fb5d2ed4cb5cfb647
pauqyqhnzl,Reel,s3://7288da606f6040d6b160cd8b7b0675c1
irshksybvc,Photo,s3://c89bfaaaa82c486c9f910e988c75189b
ccyvajferj,Reel,s3://062367015cd44e48a2ac96fbd56f0245
bjhmgcxkty,Reel,s3://fd859b627eef47ee8ee79ee16f67e39e
rbzogxctlp,Photo,s3://ead5ad0323dd440094846dfdf76ce5d4
uvrlglftrt,Photo,s3://b46c4991539340898361a5e81e0f3990
kiqsnbpfhn,Reel,s3://b24a1e0b6b804789a46c2e2f5a0d7844
fmlrgadenx,Photo,s3://dd6faef5e2ac4d82bd0a7dc065dc5c4f
qlryrtpduc,Photo,s3://38f14f29af2b4201bc581720e5cb2531
ckvyllgkky,Video,s3://46d57eca22134f3ba3a89a96b8012bed
tzqlqzpvbc,Video,s3://fa407581ff744a2ba5ba20097cd83dbe
ftuwurhrmw,Photo,s3://6da12f233f394d0d8ce9a96de1cc9a52
yvyuccvdkl,Photo,s3://0d876b1d658b468b960b1b127a50ef15
prbhhupodx,Video,s3://d925393daf714f45a6811cdce14ba210
byntvvhtwp,Photo,s3://672fe47ee76e4258b76729782e68673e
xnmjsnfmrx,Reel,s3://f1b7aa47645041ea82512ad44ea64f71
cikqiyemdd,Reel,s3://fd5f7100fe2a40cbb508bef68259e5a9
twbohkcywn,Reel,s3://3cf2df70caee477fa2d69580b6bcbc26
fpztpkldkn,Photo,s3://e698a65d84b5495787c39bd37018667f
fbymzmqbeh,Video,s3://3eb797b1f22340a69b2ac28907c7d66a
hxlvzmypkr,Reel,s3://95d1d1f9186c43b78d7238f4ad3e0a8b
ezshgqijnk,Photo,s3://660af27eb9264d249282f9edb218b1b7
vhqslpcoqq,Photo,s3://dce21fde354e4b1ea06d19f4c57eaf34
ogppojdhta,Photo,s3://a6b079a2fa50405289cdfd1711464211
glevtnuwls,Video,s3://b14abc00719d4c668699f442bf3ca534
atjarfkkrl,Reel,s3://3e54a314d1a4444e8b939c304e11e15a
oinbpohypm,Photo,s3://176b2b64483e43c59694e150d9be4034
wufkjvaktp,Video,s3://471cc55b51aa4f18833585a45c6da330
qctujvkwtc,Reel,s3://b01cf57a08374ac4bceb04f7f36b2e3e
xhveenmqqg,Reel,s3://89468ccbb0344e049721383308efa9e5
xvbrvajrcq,Photo,s3://73eda6b591d54c9ca21577c180c0faca
zuvldkojjx,Photo,s3://a9a8d9a849f341fa9643c9b58b713bc8
ksxdqjxixp,Photo,s3://3174166557c64f1491e291ee05b621ab
fvxqtavisf,Photo,s3://788c5f3fc2754b589fd054fd0448a2d1
eusjhacspc,Reel,s3://1298c71eca80489a8ee35c30a26bbbeb
pvrtrmywrr,Photo,s3://3618dd55a9024d33b604f8099c11d067
mdtliudoyf,Photo,s3://7db96f78f04c4c68b05c552c4fcd70b7
abccrwvnzv,Photo,s3://95e04093452244fea3a6732831b4cf5f
wnegcfnusr,Reel,s3://e712e685f0ad4f86b85296da1aaed5de
jskbodbxir,Reel,s3://0d5a5f0b45414e78877a72b1e35f9402
parbvlnvvx,Video,s3://8ce3d78a50a14ed387e596abd65f89be
matpwnbtnb,Video,s3://dab3cb3544474ea4ac57faa687c39375
meczbgzxjj,Reel,s3://98615c3204da40f8b1f3345ef911dcc2
mbaqhdjlxg,Reel,s3://e15c70be4be7483f8ce81bc00243c4dd
rzmibrtyar,Reel,s3://94c4e3bc47f543a68c5b8c70b7bca364
yxlityhadd,Photo,s3://60b963448e98447087c0711f65861ed8
aosmsbvogz,Reel,s3://61d5cc3169fe4e169dc0ee83f7d12460
eksisxuhsf,Video,s3://ee49f45083564b619c1fbc7b8fed662c
qizxexxreb,Video,s3://e111bdfa6290413780565f55e0226bca
yctcinfbns,Reel,s3://db4b1c6471f94c239cadbc55c8a3f31e
fkuigugdxf,Photo,s3://e7912583f9a64a1ea1d1f43e7e3cda9a
crstxkodfu,Photo,s3://99cec5bdebaf4fbea8d438855806def6
djcoqixkej,Reel,s3://cdecb9fcc19840bd89fca6be74353e52
jxipgkkcbq,Photo,s3://9da26e6729ef415c9929c104bccea9bc
lczjrebimt,Reel,s3://5dce4cb0562e4d69879797472549bb02
tdeaslwbfn,Video,s3://31ed3f5711d14fc69cc98e6b47a11d40
ttxdkiyjrw,Photo,s3://7947add3ae244d74be819440fb200795
lkyvycvote,Photo,s3://372717be122d4e868b7f0a4748fca6e3
xtzlyimyek,Photo,s3://9d06356f02ea43d6ab5c7c3ae6902ba9
tynlacnmvq,Video,s3://cd5e3eb2ffe14e7f86fd750cdccc724b
lihbjborwi,Video,s3://f79fac50571c44419b748cc8056ca492
bozbvbztug,Reel,s3://dca8973f1e9f4db8bf7a901b6eae05d3
dghjpjwzpw,Video,s3://10a468efe14e4c9b929fdbd5ff734900
mmrvomyffy,Video,s3://ff7d9adb01b34ec98df93eb5eaa87c66
vnozfolzoh,Photo,s3://1a63dcfd913b4288ac2303be3375683d
ujiuesyvfv,Video,s3://1589e5565b8047b792672d3aef297a24
odecdjzdcm,Reel,s3://005960f5c3564f16b8151a2e7fa3f7e5
yyradbjuea,Video,s3://191f8ab9fa5e4c0d94f31d84ec3d799e
csosopdirl,Photo,s3://50a955fa89ab4f1482872511795682c2
zhjmqpkwfi,Photo,s3://5d20793abe094f0d8c687c2b5957cbe9
uupxaoctzd,Reel,s3://0cb65b6200694e318d2f00be8dbb591e
glxjumktwr,Reel,s3://1ffe7e5a474448b8b3c9c9cd2842f56b
cgglwscnlv,Reel,s3://03dcd3729dcd4e8b9225fcf33bbb7007
xqbdloatzy,Photo,s3://56e3088f6b234b1ea4d86e82a5cae567
zsquaajdct,Video,s3://46ec00f2a4134ca29a2429b060336116
qnyicaujji,Video,s3://b811c02991ed4ebf9d44b9a97f00f9eb
qepiyioodn,Video,s3://4e2104a5616140e29a81a494ac8d3865
eyyomellrb,Reel,s3://a6bddf81e6c04801825b84cb382227fb
topcycwkyt,Reel,s3://c6dbfca45edf4c7abd1858d43cdeb491
lopkrxmckt,Reel,s3://73a73923d5a34f5882a0b53f30fa908c
lhmwfeawmw,Reel,s3://a854c242c60642719aee2147abbf77bf
hponifbhsu,Reel,s3://e24b9b8d49f549d69cb5915efe35cb33
zfhfwdfgtf,Video,s3://94fa9cf022ea44298d7014d00a532b6f
gjbzkqeuoc,Reel,s3://542b5fdb7b1a46d38ea6eb2564ac64f2
anstghogia,Reel,s3://ba882970e71d435eae0a3bf4315d192f
gzotdnnnbz,Photo,s3://cab6c295091d456597a2cf9b8ba4e776
ijxaddoulw,Photo,s3://c6bd2b0c01d34e0b81fead8a1b7ec9b7
gzecehskgx,Video,s3://4789a768bb03412fa897330653a2006d
kbuvxdpcim,Video,s3://9f50bbacf82f4faaab9c89c7ac4694e3
kqpcxwblnv,Photo,s3://0f965de241ba443f8035c8821ed9993b
zdvnioibfk,Reel,s3://b9e6c3620d504c009b3af2c5d39dde82
rmptywxemh,Video,s3://02bed5d506f04c7aa19b0fa4deb08e48
xmdtprmgqg,Reel,s3://ac2c3055cc984251aeb50a9754d871b9
rcujygmklt,Video,s3://a5ecb97cde924e3581bb67423cac6998
tzcndmxcgv,Photo,s3://720d3bbc1f104599a42602fcc5d18765
nbstqxchhb,Photo,s3://5fab20efd276452ebf9e12cc8affb493
xvxmxnocak,Photo,s3://34651ff82c934e9a9941f19e71837415
aimvpddlkq,Video,s3://b6938539b0684a4eb75030b0d1f96422
imhinbgbgv,Reel,s3://aa52c607081a446c9dd22543d8f5a731
nypsqugycw,Photo,s3://8094b836c8234d7fa289efc147667b7d
qclwmzwykp,Video,s3://7dbc15ce71a944e785489bb4e5f32ca3
svidfzfmdp,Photo,s3://9ba176d0fe9149a0976488b6bf66d504
siqnqoeguw,Photo,s3://9f4f4911bf3a46498791777e09c13972
fxdszdhhjf,Video,s3://a301de24904c4574a768b8b73fbbd958
lmywssdevy,Reel,s3://3a3b5dbea635443b83cf5f4fbe562755
wakrfnrsrk,Video,s3://b0e066ff6d36415daf386bcb240f9d1f
dnkkczktgl,Photo,s3://0a1b12ec1ef84db681bd988aac60aa48
lehhfcswpf,Reel,s3://2c17c284f0c6439994d360423fad90b0
bvhlnnlhxd,Photo,s3://6d3c159c43d14e568c34c28143781790
xpmsvmeoyl,Video,s3://faa3e76e40ea46d7aa74565aa1a060ea
kdhvtfxinm,Reel,s3://38bab02e58844a899b79eb322365f760
qqmvfvpqkz,Video,s3://44e9c15d1ff14754995d58507cff4d27
uyoitxmjdc,Video,s3://ff0c0e3b5cc84e64ab6daa80010699c2
qrnbnnvkkp,Reel,s3://1b69bf70860e453c82c068b80a3953f4
rraiuofyna,Reel,s3://df1bbc86c7ee40338d9bb53d528e70ab
sjkwnetdcf,Reel,s3://44d5d18758d54ba694b286ed7ff66869
zdcjocnzdq,Photo,s3://c9d04b02dda3464983ad46b9a20babf2
lvlykicaig,Video,s3://c216b3a07cce4b28872abb89ab18838b
vjaveynopq,Video,s3://f628a632a4f142e380ad6a867f7f1b18
wdpxaratlq,Photo,s3://010d8f18259341e18324cec2b66489bf
hubzyauorp,Video,s3://67b89d6ab8664cb1bf96accbe11fe0b3
hkcbmlxkno,Photo,s3://6a8d98e001e942d2953e6ef62299d4b5
qxxmwajeys,Reel,s3://7d5275c4d44c4d259e356b913a7a18de
rasdxdmrsl,Reel,s3://76f965d9ba48432b98c2425a54e0dfc5
ohkckuvtlu,Photo,s3://3b4efd9c49fe4aa7a88570efa6d2f006
ntegvgcmfq,Reel,s3://4cd25e1bb4634f348c43682caea4f2f1
aalbnnxbad,Reel,s3://e0c22fc1016843658194fee474758593
kpblvifzaz,Video,s3://a37fad31482f443ab62eeb4fc437e6f6
wmupwqmnzw,Video,s3://0e7845dc6c3248159ad926f963771172
vptqnwflys,Video,s3://2c75b205b5754952a15b3ba9fbaa7bd6
wqlthlvczb,Reel,s3://cfe3296882054d5a8b796f517608fad1
bogbbcikeq,Photo,s3://568a58b3a3864d898fde41ff8687b9b7
zvdgegbuxf,Photo,s3://a2627269459b49f683610ac04eecf5e2
pukkjzktpj,Photo,s3://826cd287be5842c58cb7bb548f64719e
oheirxqyxj,Video,s3://0dcd6b63f45a4e368ee042988713f007
qalquwxtzb,Photo,s3://d31e1f37a3bb427f82ea99efaebab193
odimofjimu,Photo,s3://dc6b16a0ff1547a9b53bda98300a3049
rwvokusrra,Photo,s3://ed38be9099bf44a1afb1a837e875a765
mpntycikwn,Reel,s3://84c16273063d43c18270f9b9dc5b53c9
lxjlgfruby,Reel,s3://51678636f01846a393fcea48384372aa
ctsmddhjja,Reel,s3://01dfd523170a40b3abd414066b7da1d8
rtwinkznqj,Reel,s3://760f6809d2d64afeaf00cbb7ebfcd197
gppomogfzw,Reel,s3://8b1e262a4eb641cca19340adfe8f3f88
cxwpqvvcps,Video,s3://06ebe00b366b4eb585bcbfd3e6df9890
cygvgqmdid,Photo,s3://3054186f81884fd1ab0f0c8f975641b6
paazvamocg,Reel,s3://865bea032d764b65a3cdc188036d16fc
qzzwpnnysg,Photo,s3://65e41de7aa3d42269829d56711c4fcc3
lqaoclexyq,Reel,s3://414cf31471914360ba3fd6e7d6ad60f8
irybmrffnb,Reel,s3://57eee462afe341929623d44180e18d8d
esmrtiwvta,Video,s3://dd3d0e162f3a4267b7ffc34528a62d96
lfljiafwzl,Video,s3://b89f5ae1983848a3aa525505c0eade84
aaphojmpre,Photo,s3://48f9bba464fb4998ae9aa0e142d47fb1
lilghejgom,Reel,s3://376d7a2f8807492296bcc15075d7d065
kgkwhcvqct,Photo,s3://b1082bfd5d5b458589197c018af47d1a
chhqnmkppv,Reel,s3://ad36e571bd0146069c05de33a99dccbb
ioneebkogy,Video,s3://eb975a15c7bd4e919b7f82a5e2a64a76
brarquamzs,Photo,s3://0fb148d5cae940bbbc49824c6666cae4
wpujzlrihn,Reel,s3://1b11804fef4347f586be7631575ea67c
rtporwnmaf,Reel,s3://e48179358e3b4de8961eb761cb6da5b4
hmnldikeab,Photo,s3://0a1ec0f8624745058d4eda73924d735c
fituqmafmm,Reel,s3://9b080f1874fa43d89f941a7560247916
xlcvkcyuon,Photo,s3://d2e4d18be77e4541aeca9eb6c53baea2
tzyyfmqrux,Reel,s3://3377fa735a2f488a82ae628adcf23836
hyjteklmsz,Video,s3://fdabd7a7014443439b9a59d30def4115
veldmrkxnr,Reel,s3://94f75b96e97849dba6a865b3ecb9f132
qwagtznvjd,Photo,s3://6ba0754c898b42b7a103c10eba95ac4e
jukyasealh,Video,s3://be21e0cc24a4473aaf62c08713444e54
vkozccdtbh,Photo,s3://1fecf183e91a4565ba35696bba6e805d
mbwtxweaiy,Video,s3://352ed7d2c38f40e183cfa2653b7186c3
yiarnhajyb,Photo,s3://f693304e6bd746f79cd1e9e6d37c6948
oxarqvynsq,Reel,s3://1c932c37abeb420f8df4198fcc2a9a2f
sfdbvqkcjp,Video,s3://7f9019676d434954b87da277d667283a
zuatwstkxk,Photo,s3://e45ddc0cb9be425c8bd09e358d623df0
scltqorzhu,Video,s3://ee375cb504204c0f865db34f53927fe3
fzgfoaqpdf,Reel,s3://e0a22339fa5842a1bad847628d912b3e
sljyfyprer,Photo,s3://5d94ade44cee40718a02916e9437d048
inulokqwpn,Photo,s3://61887eff0f70491a89a70772cbd324bc
ypdivqtlsl,Video,s3://c3dabee649d1486fae40bdbd7f902814
yznpnbaguh,Photo,s3://fbab5762e4de471c8354bd4952e8d018
eburazuzoy,Video,s3://0816511f3382469084fda26cc6037463
nwqtthynvt,Reel,s3://af101cddef6b4f6b96942033420f0084
cmfautjonw,Video,s3://1cb1094bb2ad47a5ae38fad7b6341ad8
tdjevmbxuf,Video,s3://352f4d6499504d0f83e7e741bc6c8604
kmlvccahuw,Reel,s3://4248a92b52fa48d281ee3ad27477b8f3
kijaydapqn,Photo,s3://fdc19559384c40b492c76edef3e34877
ryjlgaffnu,Photo,s3://304499c4c01a4cfca8b7d3978f1fa4c2
ohaivgopny,Photo,s3://f46e106d509344f3aa9ffd5cb3a51b99
fcvrvgkpgz,Reel,s3://b8d059b6f399452692cb370e5633e0d0
qjvtkppauy,Reel,s3://29093a896ceb4c4f8e050d98cd9b213c
bropuhnahv,Reel,s3://9b402c69e4364384a34decc24ac5508c
wnmxlyenzy,Photo,s3://78fbb3397b2a4a5793bdf7327ea8b3c9
ixlnrrhhbm,Video,s3://b22fc99e06cb4b1094729cf669e2f97f
dsjolncimx,Reel,s3://4799ff78df4445018bbc8a1373864a48
henailmrku,Video,s3://f8d41293abb44947b9ea355d61e820e6
rnrizfkezm,Video,s3://7d9a677ebc214b14b5ffcfb453a1f271
fgojflvtns,Reel,s3://84beb1136cc642cc99a2cbaef40582a4
zlindhdbhm,Photo,s3://800a1f5eb4394df99a5816a729553d16
byapqjueem,Reel,s3://2f8a791f2b7b4d26b4a35834dba1c5b8
ueibedrfxs,Reel,s3://ae075902f3d14ea3970a697e5cf3ac29
zwxiracklv,Photo,s3://00e532d74e2b4646a357aadf2dda7168
swejawszip,Video,s3://d2295b6ab2524c71b4bf80e530dfe663
wsqyclmlfv,Video,s3://e36cf5fe759f4a48a49d17352435f228
qczrsgtiwh,Photo,s3://d1f75ebbf9d84417b69c7443fc2f9d21
tseyyphfxy,Reel,s3://20e4dce301be4d3c8d8eb8939f722424
zbyduzequw,Video,s3://3fdfe5f6f2e84474b159f4a90ed029b2
vykklauoru,Video,s3://33bcf32575704f059d299c880645b28f
hmksxbxbxg,Video,s3://7b31749a19d2403cacd9f1206743af08
oksseasfpq,Video,s3://e6c18b5a37a345af928b264aea157df3
uzldqkybzc,Video,s3://7c8d5f743e67420289d6b6d585403916
qocvjqtsru,Reel,s3://8e533101d2ff421b824859011ef3ed58
ueqqdzhetk,Photo,s3://11edb0d73c5a4a5da97c03d5e64050ee
wmvswloutz,Reel,s3://2afb2526615045fab9fa9814bc194c0a
rsujvxgscm,Photo,s3://54a06fb82694460583d7e6136d85efa9
bhtzgtjoja,Photo,s3://30762f0c05c04dfebdc9d199af7d9c5f
foyqfldnzb,Video,s3://ebcf6ccd7b9546c88c9757563dbb0611
aeycgzpbsn,Photo,s3://8f5ba463329d4eb3b7ff769bf9119bca
udzqfzwxkw,Video,s3://0a1520f87c7d477cac4d7e8e81df5e17
fljypvmazn,Photo,s3://11a8527b954e4868809f278905a7cbd5
tgltvakjft,Video,s3://50e35f7fc5d14b67b6da0a8141ec298d
kkgfjhvczu,Video,s3://f651698b53b6469da1460c9d10a73c0e
khkzeqovoj,Photo,s3://a4099fc6c83a4b6e801a9b0e1a0f682b
jhmbmdiewx,Photo,s3://fda9d7db77cb4da8882bbffed032bfb2
weevpypuiz,Photo,s3://b0c6f5dfe1854a40af2006db631cb48a
dmrnxxfbcn,Video,s3://f7cc2fcd7c874698a7789a6ca57603b5
lwzcxfiikl,Video,s3://e67882c290894f58a4c91ba2adc38d2e
syzvtdjezp,Video,s3://1f3a4d4ef86742e2ad6c5ff043fe7cf8
rlinqglhof,Reel,s3://e39cc2e80b9c4276be227caf847ce1b0
kibxazebgt,Reel,s3://8309b9c32b104839b3b5c40f0efe82b2
ntvstabblf,Photo,s3://49f22f7f752a43e285052e0d4c0ffe6d
ghdkvwgyxb,Reel,s3://3a2b05ed685f4785ae5791dbb908b6f1
llbzvkwoxy,Photo,s3://c1760b18615b4952bd91b17a7c3bbc31
kofgvwzdda,Reel,s3://b1cd049f35564ca2848c376bc893d803
twmxrmysii,Video,s3://c81a62fadf8c442ca5441787a2e649e6
virlzdyycu,Photo,s3://558e49774ab746f49958221804b47ed7
pefzezynxt,Video,s3://1c927215d5984e38bd992b04786844e4
rwslzxdlzq,Reel,s3://34b7c8e4d42f4c87a9ebf48fad0ebf39
ikzjxiuwfe,Reel,s3://c7bed41bf43c43a1adbe01397a36c9e3
vnbublozwy,Video,s3://73f99035dc884239a424d24e4fbaa98d
gzotorxhzq,Video,s3://3b0ed683f4204cebbb42c314caf2a77d
unbuepbfrh,Video,s3://caff75d1baf94e95b2f38844c0ff85e2
kfvjweahle,Photo,s3://30865d97fa2a45a9904587750de82411
qvyclqpace,Photo,s3://cb22c2ec69c247568c54d03d3a439426
bwsnmwulky,Video,s3://b2417ce54c914abf8b05888816982490
fjdvjnhhaz,Photo,s3://f1527a638ca14ff3848062bca3c92b64
fpjjualkwt,Reel,s3://df3d5d46ff4c479686a3deeaf60091c0
bkorcckhva,Video,s3://8d447b97ae61494b8655bc60df9753d4
ikoxhjqptm,Video,s3://c11ae5fa6f0a459ba336558e837f3cc4
vkchmvezwu,Reel,s3://e5f9a15ecc1b4b358f770c8be3f76fb7
wvzzjevgnu,Reel,s3://608909efa62d48908767a82e04e79a95
wksyoayxgu,Video,s3://6a99ed9e7aa84255b7aa6f42424d5b6d
bjanxgajmc,Photo,s3://94a13ca9f5554ad38a0f70c024cb2571
skndkligny,Reel,s3://78bba535f9f845b893018c33607a972e
gyvcscxaas,Photo,s3://bd755976042b40268a02e41aedafeb20
tmtmfsduwu,Reel,s3://4a8fd49b4dd04c96b03daa617250d847
hitqfkdogj,Photo,s3://e164a62b193844d39ee30a6bcec4384a
frcoiurpeo,Reel,s3://fff4facccf6d4c68a6f8af06dc3d461e
aqlgraxjor,Photo,s3://a87b047b8f4b48369ee03c47e8f5c809
xxjybpgfil,Video,s3://409e9f350f2b4edd9dce9df8b2f732d0
rmofjctukp,Video,s3://439d39d2aeaf4a29ae9b347562ada2b5
zqqteqrxfd,Video,s3://a14837f458fb4288b3f3ba807ec25bf5
rfhpncauxn,Reel,s3://6463e39c1320493089336f4c96ad18a1
ssfgdjnele,Video,s3://d7a1d8106baf492384abfd76d319caf5
czighgythl,Video,s3://7f280ad315794d75a5b5bd78ebc5e1c0
zlrtuxfqix,Photo,s3://6ab775286d9c44db9efdbf4ce881c553
dyfimscwdm,Video,s3://b2fb6e1eed74442d9347fa67f121a541
rzoaucoter,Video,s3://e75aba28e64e4dff93f560e271cf7053
ladfjmlytw,Reel,s3://dc3441345eb943f0899477fba1494839
isjezqlwyg,Reel,s3://e78402b4ff5b485fac8e766848f4264b
mklnaztqcp,Video,s3://7232eea6cb72497491a6cc4983648bb6
ujocmlkmli,Photo,s3://1214937eaa424f058a7d76bc5c7c2156
zorygngkfh,Reel,s3://a27d7ddf366c49af92ac6630ff232610
ezdujbltti,Video,s3://417c4c2bcab647c6bccc4f20caa47fae
lqasczvfmv,Photo,s3://80f9a71cedb14db498eb99cb8498b253
uqontivphh,Reel,s3://b480f43ef80e4cbfb57c17f78c0d1565
buecjcsqry,Video,s3://5ac74de3b0a54651b41f20bcd0e899f6
risxwgtzun,Photo,s3://2104cfe1c1c9475b829b2a4ada8a005f
jycwphjabb,Photo,s3://2df4f30660f34ecabffa251a074f142e
pcbokqmpms,Video,s3://f2e762692817419c98764df5af1525bc
lfvktrfois,Photo,s3://1262a78ee36649f791592fd9febc6218
eitkroqnef,Photo,s3://7a300cdf4bb54051a7fa0a6985488642
mossldhrmb,Photo,s3://c0b8095aa77c4c90bc09bca2b785b0d9
xjgaemgtbr,Photo,s3://e9e2eee918504c24ad9a5bd2badaf7ed
jgkhaoluuc,Reel,s3://67e5d9d7d22141e8941f47450c455ba5
izrkidrnbw,Photo,s3://318c7b9c24c84ffab829b0fdeb595027
ayemwrxgkq,Photo,s3://2e4b9e14830645f9930e66cffd7df197
cfrfpbvtzb,Photo,s3://1ea6233fb84841c18e10292472c2380b
dquvrcwhyo,Reel,s3://d15df54360f849f886732c46725e608d
oxnpfdqilz,Reel,s3://e66fabea5ebc458cbf4ed79dc1c56a0d
hqqnagxfdk,Video,s3://7c8455640a974b609be1df24cca36170
xarwljoovu,Reel,s3://3a3da2ab90de429baf72833ff2e0dbb2
qsjzyyqzky,Photo,s3://fc1b2685c7e347f99fc1ed869434f497
wyhxewyblz,Video,s3://fee9ecb959fd43d998ac27868b60004c
cokxxxuesj,Video,s3://8e57881073364eebb06d70c66be9e78e
iphxetxvmp,Reel,s3://93757275a2fa4ab89ccfc6eaada4c0cc
koqpnlqcga,Reel,s3://12179683e77547c4a327480165d9f545
rkkslqgici,Photo,s3://b1917defaf6a48bfbcc42603cc9b6bb3
edhxivawlo,Video,s3://dfb47b2077834cf6845cda0053ee33ad
avyltthrlc,Photo,s3://e1ec433110cb496e8e9511e6a5e16b91
beknamkbnu,Video,s3://4d6e1b7d22144dc0a7bf281edcaf6e33
moiydxguob,Photo,s3://7fde70b3008248ebbe2dcbeaf6b9adb8
efvaknbejy,Photo,s3://5b438950a1874f1dbf95c6b93f71f134
mfhdxduxbs,Video,s3://24b82869e8114457b5933ed6b8eb98d6
bbmaejgcxb,Reel,s3://5ed9ce4365a04acf96e7bf51140e70d8
xohbycetht,Photo,s3://0fd0c03963454dd091e3eb172a2fefac
tunpixipuc,Photo,s3://a952d97ee07146e88cec9b452ea8f5b2
phpmosmkfl,Reel,s3://fc18fd39501e475798b35149d303f75c
yuayrwkoaf,Reel,s3://0301a97564e34ba9b2d13b83b07539b2
wzfdkemqzd,Video,s3://cd1a76830d354fd2b765b995979a1128
smceyeqhdc,Photo,s3://35b5e0dc2346401ea3e5c9d763cdf1d4
yilvpvyhzi,Video,s3://c52fc53923864896ac37db39798240b5
qdpoulixaq,Photo,s3://9da27b1b53f742e8b630b46ab31909c8
dahtgsuwcn,Photo,s3://71733bed795445cb9a49bdf8d39e8575
pdbfshbbcj,Reel,s3://ab1c069fa4a74e46ae3c94973b31d549
julikatypd,Reel,s3://03794d7b35334e608ca3ac7f1d8c9e89
mygupkywnn,Reel,s3://b9ce2ca808074104a13478039762b5d1
zxzgtjvyuv,Photo,s3://903efc3479a545d78383d94ad43d5ed8
sxvbslkfli,Reel,s3://69b0fbe5bf1548faa12cef00a37f6c7e
fqwibpocvb,Video,s3://60cd183bca894c12a8f1ad5f90f97bef
bxgculegwu,Photo,s3://066472920b464f70a80e5694ec1b1347
fblzojuwgz,Photo,s3://1d7ca3c0c71147959320f8f58a66e2a9
qrbjthujwp,Video,s3://31a145e347eb4c4ca525093644374222
zijizspicy,Video,s3://2b7f06d94afe44ef9862914041513820
nuzwadmlcz,Video,s3://30861d7b283845bf86a36700ab414870
tyniivcljm,Reel,s3://8ca635db4d5249508729b4bdd472d540
vdzynodvna,Photo,s3://1a72bbf2949a4a3395d7e483e0637166
rsltlvedrm,Video,s3://ce8e38e241754d1384bc04bdc8df77b5
rbvytrznja,Reel,s3://ea8dcbc0c0234effa9a03b58cee0352f
ktqkznzbau,Reel,s3://84b376e834d44800b10a4951acbe01ec
lsbvmnznyb,Reel,s3://d78d01fc31814a91a6473fe772d4699f
khbbjklrvy,Reel,s3://44b3b993e4f245e4afab0469a6cd8582
zsjnygxbyt,Reel,s3://caa9b7772ee547b2934756e336e875e7
tgftoyjtay,Video,s3://11a9c9b1ce7744749acb9be2c8635786
hxlnepmpuv,Photo,s3://aaba116fa99f44dda2c4a771c2441cdf
umxafuezja,Photo,s3://b5cfcd9f02b34d77aa1094d384fb96d9
ppjzvoyuln,Photo,s3://9358c46aa0da463f81f620ac757726f7
kibsiewzgx,Photo,s3://f0ff4264c7f640f391ad730f0606cf41
ckfyuaoknm,Photo,s3://e4e308b913144a528339d1d5f17b0450
gcizhfcxxa,Video,s3://f939db87112343b9a3f94fe54dcc3c58
uwvovplzch,Reel,s3://cd32b2dd75c846fe93edfff82a2b2135
uavsgkrpnp,Reel,s3://da8520e995804eb2a843d7ea5cb76634
dulyhmmqda,Reel,s3://a8121a7e492c471698f4b7e2ff889fb3
dgfrgsvcbv,Photo,s3://12c61800db9547b3993d1870130cbcc2
rgstrgtphi,Video,s3://2c46731140764896a77e541fd76a98d7
vfdzhomkrx,Video,s3://0f302705c1e74208b2183975304dbcc3
ujceinuowd,Photo,s3://66d2b3179d6e4f1181581dbcb9fb669e
ilhlgwawrj,Reel,s3://67dfd5f7d09348929fa394429d7f67b2
jesegfaufh,Video,s3://3786c7214629421ab6bf91f518d66f02
hqalfhswvm,Reel,s3://52fb88e52fa14a2b8cd238cc67236da2
ycisldofpx,Video,s3://cf6b17271b584fd5a72bc4170558035c
dthlrifbdv,Reel,s3://c2ab54995a67426dac2caf15e481f72c
shhkqcabys,Video,s3://05397aafb22e406f8a516a06cf3cee2a
wwdmwhhupv,Reel,s3://47acb36c3b664e8bb9584859ed3b5a57
zbewqlkegc,Reel,s3://9577f5a2e2b4463aa0ba7c185d3f8027
qabcusmzex,Video,s3://69ca6c54f2444af282e83c584544a951
wdyuhtgvly,Photo,s3://5dbf28937df54feba96668e0db844d70
mjoghaezhp,Video,s3://98f67a3d7ec245afa1a990641cb66447
abrzagfbde,Reel,s3://ef26e21be2494633ae3a5ddfc713838a
gvexljidtc,Photo,s3://051fbc6c655445fea987b8e6c6b3efcd
tfcfzsuaug,Video,s3://c927b7d6e61148e0868d5735e893811b
novejmnqjf,Video,s3://d6f2e2b616634f0fb3639411feb89e84
daxhzsfqgl,Video,s3://7bd326dc4f1a416fa73820d0a0e8faab
incrgybahq,Video,s3://c167d2e7b9bd4d1aa926e5e3b3a3a78f
ahvmvxsrxa,Video,s3://7a3372568924478db7dd8b43bdb9198f
wbcieslcoi,Photo,s3://918f7619c6514ab7a7beb35351ad3b89
axiwnxjfmu,Photo,s3://3ecc48a2b51c4e3cb277d0274f6c483c
clqzagsadw,Reel,s3://a626f7af0459450eb11b450a67ef608c
hdndlbathu,Video,s3://2a8706a1065e4c48ad305512bd570b90
oqxdkepinv,Photo,s3://8e049c6239a24153823c91fa87097e0f
uccthrqyoa,Reel,s3://6f38e23789264848b49378c4c00af5f5
vicydsyahf,Photo,s3://aeb0032a60f14b5fb26236197531bdf5
uhmdrogutj,Video,s3://7ce20b455e3f4fa08fa551d45ed3049a
jvlvfdgimp,Video,s3://87304f77b4f44290be309f8a8c085c9e
dlgburjttc,Reel,s3://d86cae75e1614515a46503d695d79964
lvbsmibrtz,Reel,s3://65acc00fcc5e43aa95607c2162075240
lpeubtwkvq,Photo,s3://8eaf6aa52ba54ff2b8af149193f18da7
hugjzndvbv,Photo,s3://c1da64e9cc414b9eb5b0857b2c2ccb7e
ygjxpkbwbr,Reel,s3://fc8b68aad1e54135bd67eafd010b1830
pigopbtoig,Reel,s3://74fac565dfa14457aee4b189864d07f2
ewlomdpzkl,Video,s3://4bd780c82c48469a9774e10404ae1591
wnoqxtvhjp,Video,s3://4a2a45f462df467a86fb8603973db54a
pvvkocishr,Video,s3://2936276ae04d440d9f4b1f74084abd7e
edqpyzkhmc,Photo,s3://960955ffab804a4599407045cdec3814
dpjlkklfpc,Reel,s3://3ca1a993813b424f957fbac933961aa4
mslhliacyb,Video,s3://1bd20eaf510c463e9b4178955e34fac7
ijkvnwpttc,Photo,s3://71ceeffa4371450a9123bd180df9ddbf
gohuvllune,Video,s3://fde4318568e541418c0ce9939cbdca26
limadhdhcm,Reel,s3://e44ab0ba47514eefaf24fd09960f9b77
yftlxhxztl,Photo,s3://7d88928992244174ab4c0eab36bfb323
zgzdyklcec,Reel,s3://dc7b73d98b8342778a4f6d7a78edb400
xxdaxuqsub,Reel,s3://6146efb74c87485ebb699b59f2de0336
ovvvbnfdhz,Photo,s3://449a8194603c49029681d6cf7e67ba65
wwhuxqysgi,Photo,s3://72b7415235ae4e5d8ca359955abe1362
ftbxwjmcyk,Video,s3://d71ffbe6a16d47d7b8a513714ac24bb6
byjmudfjxp,Video,s3://d90f6a94a1674089b8f726218df4123c
eordblkskb,Video,s3://f1ac51efc6574cd29cef0b06fa2a97d3
hxtfjqfcyr,Reel,s3://7e536d088ae24fb2a446b1a4b82945e5
lkdmzmsjmr,Video,s3://5ef5d974bd334b9fb6867bfb28d40107
sifqvbtsim,Video,s3://3071fadebc1a4479b02128f46bfa8c99
qrerwsewxq,Reel,s3://7e49b4d1d09f4fd0ba1877b435073586
wdzswfugpd,Video,s3://30029aef2bd047899b82eab88d0b358b
gcgrizndro,Video,s3://6fbb3dd6e17a40df9da09fbf1acfacfe
haynxwgelq,Video,s3://49c6b878be0f4147a09e660bb575b2f0
fyoxmldtvg,Video,s3://2408b76c31234274b7f936eb1564129b
wwoasqpusw,Reel,s3://08c7ac9595de495680ee39e554acae88
llqlmkdjwk,Reel,s3://a03169563fb843e7948be600ed9c589f
dpjweoboyl,Video,s3://ce75ff69104246b580861cd9e5763e31
cqfkyradxp,Reel,s3://d5eff83efc944488b03285e98d5b30ed
ylzixxnafi,Video,s3://81746c5e324947fab5d3786b6fe7d4eb
ufgbaokypp,Video,s3://c6d0989ab8d54e4e95a0e95f5384b0b6
ujubladvkz,Reel,s3://fcf8c1021b2540629325d158d846412f
gnfkjoxbdp,Video,s3://858a5df5da37461b8b273714cb25d066
hxsveblckp,Reel,s3://0e1c1ff95d2443318610ba9e3b3b47c0
lvtzetmhcm,Photo,s3://d9bc1f899c7d4de7921d29e6850a62a9
ugwaixebfz,Reel,s3://d03700f6cd764605810e3276f4d517af
uqgrqguvoc,Video,s3://94c9030eee1f4bf6bf31a0a6c3033915
wyversizgp,Video,s3://29109e44cac84f6cbad809814c84d54d
nejmjjdjqg,Reel,s3://5867b7c7590742d69c03f473bf56552e
ocwduxmswl,Reel,s3://3c9ff91faba94062bce32b075282b08a
npulqmzyht,Reel,s3://2aca3a31788141e99e3c4dd4cdeaf3c5
izsdzxmqky,Video,s3://b5bb05505e8f4eacb1b12ca480c56130
qsqjinwotx,Photo,s3://e7cf09bcd0bb43b88ce17ced852f18a3
lcnaoeqojc,Video,s3://22c2655d90c04dffa0351a3327821994
bettqwoqab,Reel,s3://7180db13ba2b421e9edc40dae6e7d9c2
twxpiujbjv,Photo,s3://d88ec59fe6b4499c8cbabdfbbc2f989b
ngxitbxeel,Reel,s3://6d04bdafe1d844d1bfdcc89670c999ad
ojddlmpwox,Photo,s3://1be3e96e0dab427183052a46a441a421
rwanzcivbt,Reel,s3://3fb9c44048df4f2fa72f644f082a15a4
ykgivdgxuf,Reel,s3://9d45f778c1c44549b8dc203faab5fedc
twnykosaxh,Reel,s3://72d072bb158c4a489e4cd1862fee5e04
rajualdzmp,Reel,s3://b7861d14c68a461d98c548f0830d0b67
damjtffkqp,Video,s3://c1cdaa4299af4790af4244e194625345
tpaqkguxro,Video,s3://6efd7a0d85e0479aac4b516dd5bb9c75
hrjyxixmkv,Photo,s3://6c42f6532055452d91fbff87e3823bb2
bqkjworzdk,Video,s3://fd8d3cd8e77244e7aa66ee38433ddf38
pmaceijtag,Video,s3://b3eb7f36f7c24a02bd2c144db0707a6c
viszmshstf,Photo,s3://eae50ff4ed6044f496df9942649e363b
bziploodzd,Video,s3://d839b4fac5384b38bb44691fe056fec3
zxnalzqrwp,Photo,s3://53b0d47465334fa68fccaa7eab1e272b
fuahjrkwgl,Video,s3://5ec092c7567b45d082d9ae2e32805494
cvcadquzfu,Reel,s3://0828898836614e719547fb0f8be0ac2e
ypsvzuixpv,Photo,s3://4ca4d654c7154225b2585890eb1f01da
ldjqpirlvq,Video,s3://7b15e3bba7584720bc59791acf20944f
fmayysdzko,Reel,s3://05df53fd1efc4bb89b16ec9fa8fc090e
nqunqjqxgn,Reel,s3://0914ab9da2474761a96177659628df2b
xbvzkmtyjf,Photo,s3://64cc6ad97c0b47f9985ce08e43fd1a8c
dzflywdlqv,Video,s3://479c0f59a2d24488ab3b9f8bdfcbe748
cryfwkudfo,Reel,s3://36ce284aa7684e8daa2800bf7c2f7714
yvsjgrnwmj,Video,s3://473ecab54aeb4044b7a9f9ae09778e0d
spnmanrykq,Reel,s3://45d66250f7284f2f860c29b80b6073c1
wcubuuvyid,Reel,s3://faa31709f2664226bc2f80a3b8906784
imalwgdeyy,Video,s3://71c8531d9ff0429bbfe75fe5f2a97178
xuvoxggjnd,Reel,s3://aa333662fafa4b3c9732d20f8e4705c0
glqcvyypmw,Video,s3://0b96f70d1e4445d5a4e2ca522092a1c3
okvmjchwra,Video,s3://e258097966f44e44a9389dbd6bfe6649
aomyvrxemm,Video,s3://8a54cdee4acf481ba93c1b302a31f2da
uhxdqccdlq,Video,s3://44c982e1a979415c9edf29cc21b7b6c5
rfxkucibrn,Photo,s3://25f94fe084ac4181851f0e058576100a
shdyiziqrd,Video,s3://a0ba8e8672c04c0dbd6b1661522a2cc8
wwijcwcgyc,Video,s3://ab37eab31c0c48c4af652123e2f7db67
ywwwmwrpnl,Photo,s3://eca292ecf34b4447a55e4835140e0f99
iqaepcuyab,Video,s3://3dd39fd56a5a49f1b77e3bf2852637df
jqnpdcoawj,Reel,s3://4b17a31df3554a39a823e8bdf1489f64
wfsssiajrf,Video,s3://2b3edab4457f4090b66e60fa59c43178
ybbgnvxuol,Video,s3://e0395d993763453aaf571fa6dd4259c3
yswhdiyqfp,Photo,s3://6ffb5c6a0f854d78982ce1ad41aa2b98
dmcvwffxfc,Reel,s3://8a29c7e13b784aa08625e21b78c45a90
evauuoxwyp,Photo,s3://6c8f522eb76444cca8d10c45457bf830
hxbubbemev,Photo,s3://ac44bb71eb884bb3966f566b74235d78
hqhaqlawns,Video,s3://03d51d8846d14df5aced5150d956ec20
rsbosyicwt,Reel,s3://66a58768e1034d76b74e085bcec5eba0
xsqmppmiwp,Reel,s3://eda3b5234c4741c5a4b6e568fc718dc3
aohlgwauad,Photo,s3://fc4881fa086b4691a136fce7264b5e7d
cdcficvfxe,Reel,s3://ce4a254d7fee434893f18b3b9f8a5547
